,subject,geodesic,euclidian,dva,ix
0,sub-007,8.899881611116847,6.0820654170443245,0.06492748636684514,0
